1.48362,1.48362,1.48362,1.48362,1.48362,1.48362,1.48362,1.48362,1.48362,2.66941,1.48362,1.48362,-1.48362,-1.48362,-2.66941,-1.48362,-2.66941,-1.48362,-2.66941,-1.48362
1.48362,1.48362,1.48362,1.48362,1.48362,1.48362,1.48362,1.48362,1.48362,2.66942,1.48362,1.48362,-1.48362,-1.48362,-2.66941,-1.48362,-2.66941,-1.48362,-2.66941,-1.48362
1.48867,1.48867,1.39736,1.53749,1.48867,1.39736,1.53749,1.48867,1.39736,2.66942,1.39736,1.53749,-1.48867,-1.48867,-2.66941,-1.48867,-2.66941,-1.48867,-2.66941,-1.53749
1.50037,1.50037,1.19804,1.65296,1.50037,1.19804,1.65296,1.50037,1.19804,2.66942,1.19804,1.65296,-1.50037,-1.50037,-2.57672,-1.50037,-2.66941,-1.50037,-2.57672,-1.65296
1.5122,1.5122,0.998743,1.76843,1.5122,0.998743,1.76843,1.5122,0.998743,2.57672,0.998743,1.76843,-1.5122,-1.5122,-2.46125,-1.5122,-2.57672,-1.5122,-2.46125,-1.76843
1.5239,1.5239,0.799429,1.8839,1.5239,0.799429,1.8839,1.5239,0.799429,2.46125,0.799429,1.8839,-1.5239,-1.5239,-2.34578,-1.5239,-2.46125,-1.5239,-2.34578,-1.8839
1.53255,1.53255,0.599803,1.99937,1.53255,0.599803,1.99937,1.53255,0.599803,2.34578,0.599803,1.99937,-1.53255,-1.53255,-2.23031,-1.53255,-2.34578,-1.53255,-2.23031,-1.99937
1.53775,1.53775,0.399938,2.11484,1.53775,0.399938,2.11484,1.53775,0.399938,2.23031,0.399938,2.11484,-1.53775,-1.53775,-2.11484,-1.53775,-2.23031,-1.53775,-2.11484,-2.11484
1.54126,1.54126,0.2,2.23031,1.54126,0.2,2.23031,1.54126,0.2,2.11484,0.2,2.23031,-1.54126,-1.54126,-1.99937,-1.54126,-2.11484,-1.54126,-1.99937,-2.23031
1.54126,1.54126,4.47424e-16,2.34578,1.54126,1.51577e-16,2.34578,1.54126,1.82569e-16,1.99937,2.69003e-16,2.34578,-1.54126,-1.54126,-1.8839,-1.54126,-1.99937,-1.54126,-1.8839,-2.34578
1.54126,1.54126,-0.2,2.46125,1.54126,-0.2,2.46125,1.54126,-0.2,1.8839,-0.2,2.46125,-1.54126,-1.54126,-1.76843,-1.54126,-1.8839,-1.54126,-1.76843,-2.46125
1.53775,1.53775,-0.399938,2.57672,1.53775,-0.399938,2.57672,1.53775,-0.399938,1.76843,-0.399938,2.57672,-1.53775,-1.53775,-1.65296,-1.53775,-1.76843,-1.53775,-1.65296,-2.57672
1.53255,1.53255,-0.599803,2.66942,1.53255,-0.599803,2.66942,1.53255,-0.599803,1.65296,-0.599803,2.66942,-1.53255,-1.53255,-1.53749,-1.53255,-1.65296,-1.53255,-1.53749,-2.66941
1.5239,1.5239,-0.799429,2.66942,1.5239,-0.799429,2.66942,1.5239,-0.799429,1.53749,-0.799429,2.66942,-1.5239,-1.5239,-1.48362,-1.5239,-1.53749,-1.5239,-1.48362,-2.66941
1.5122,1.5122,-0.998743,2.66942,1.5122,-0.998743,2.66941,1.5122,-0.998743,1.48362,-0.998743,2.66941,-1.5122,-1.5122,-1.48362,-1.5122,-1.48362,-1.5122,-1.48362,-2.66941
1.50037,1.50037,-1.19804,2.66941,1.50037,-1.19804,0,1.50037,-1.19804,1.48362,-1.19804,0,-1.50037,-1.50037,0,-1.50037,-1.48362,-1.50037,0,0
1.48867,1.48867,-1.39736,0,1.48867,-1.39736,0,1.48867,-1.39736,0,-1.39736,0,-1.48867,-1.48867,0,-1.48867,0,-1.48867,0,0
1.48362,1.48362,-1.48362,0,1.48362,-1.48362,0,1.48362,-1.48362,0,-1.48362,0,-1.48362,-1.48362,0,-1.48362,0,-1.48362,0,0
1.48362,1.48362,-1.48362,0,1.48362,-1.48362,0,1.48362,-1.48362,0,-1.48362,0,-1.48362,-1.48362,0,-1.48362,0,-1.48362,0,0
1.48362,-1.48362,1.48362,1.48362,-1.48362,1.48362,1.48362,-1.48362,-1.48362,-2.66941,-1.48362,-1.48362,1.48362,1.48362,2.66941,1.48362,2.66941,-1.48362,-2.66941,-1.48362
1.48362,-1.48362,1.48362,1.48362,-1.48362,1.48362,1.48362,-1.48362,-1.48362,-2.66941,-1.48362,-1.48362,1.48362,1.48362,2.66942,1.48362,2.66942,-1.48362,-2.66941,-1.48362
1.48867,-1.39736,1.48867,1.53749,-1.39736,1.48867,1.53749,-1.48867,-1.48867,-2.66941,-1.48867,-1.53749,1.48867,1.39736,2.66942,1.39736,2.66942,-1.48867,-2.66941,-1.53749
1.50037,-1.19804,1.50037,1.65296,-1.19804,1.50037,1.65296,-1.50037,-1.50037,-2.66941,-1.50037,-1.65296,1.50037,1.19804,2.57672,1.19804,2.66942,-1.50037,-2.57672,-1.65296
1.5122,-0.998743,1.5122,1.76843,-0.998743,1.5122,1.76843,-1.5122,-1.5122,-2.57672,-1.5122,-1.76843,1.5122,0.998743,2.46125,0.998743,2.57672,-1.5122,-2.46125,-1.76843
1.5239,-0.799429,1.5239,1.8839,-0.799429,1.5239,1.8839,-1.5239,-1.5239,-2.46125,-1.5239,-1.8839,1.5239,0.799429,2.34578,0.799429,2.46125,-1.5239,-2.34578,-1.8839
1.53255,-0.599803,1.53255,1.99937,-0.599803,1.53255,1.99937,-1.53255,-1.53255,-2.34578,-1.53255,-1.99937,1.53255,0.599803,2.23031,0.599803,2.34578,-1.53255,-2.23031,-1.99937
1.53775,-0.399938,1.53775,2.11484,-0.399938,1.53775,2.11484,-1.53775,-1.53775,-2.23031,-1.53775,-2.11484,1.53775,0.399938,2.11484,0.399938,2.23031,-1.53775,-2.11484,-2.11484
1.54126,-0.2,1.54126,2.23031,-0.2,1.54126,2.23031,-1.54126,-1.54126,-2.11484,-1.54126,-2.23031,1.54126,0.2,1.99937,0.2,2.11484,-1.54126,-1.99937,-2.23031
1.54126,-2.72516e-16,1.54126,2.34578,-3.51202e-16,1.54126,2.34578,-1.54126,-1.54126,-1.99937,-1.54126,-2.34578,1.54126,-2.69349e-16,1.8839,-2.91219e-16,1.99937,-1.54126,-1.8839,-2.34578
1.54126,0.2,1.54126,2.46125,0.2,1.54126,2.46125,-1.54126,-1.54126,-1.8839,-1.54126,-2.46125,1.54126,-0.2,1.76843,-0.2,1.8839,-1.54126,-1.76843,-2.46125
1.53775,0.399938,1.53775,2.57672,0.399938,1.53775,2.57672,-1.53775,-1.53775,-1.76843,-1.53775,-2.57672,1.53775,-0.399938,1.65296,-0.399938,1.76843,-1.53775,-1.65296,-2.57672
1.53255,0.599803,1.53255,2.66942,0.599803,1.53255,2.66942,-1.53255,-1.53255,-1.65296,-1.53255,-2.66941,1.53255,-0.599803,1.53749,-0.599803,1.65296,-1.53255,-1.53749,-2.66941
1.5239,0.799429,1.5239,2.66942,0.799429,1.5239,2.66942,-1.5239,-1.5239,-1.53749,-1.5239,-2.66941,1.5239,-0.799429,1.48362,-0.799429,1.53749,-1.5239,-1.48362,-2.66941
1.5122,0.998743,1.5122,2.66942,0.998743,1.5122,2.66941,-1.5122,-1.5122,-1.48362,-1.5122,-2.66941,1.5122,-0.998743,1.48362,-0.998743,1.48362,-1.5122,-1.48362,-2.66941
1.50037,1.19804,1.50037,2.66941,1.19804,1.50037,0,-1.50037,-1.50037,-1.48362,-1.50037,0,1.50037,-1.19804,0,-1.19804,1.48362,-1.50037,0,0
1.48867,1.39736,1.48867,0,1.39736,1.48867,0,-1.48867,-1.48867,0,-1.48867,0,1.48867,-1.39736,0,-1.39736,0,-1.48867,0,0
1.48362,1.48362,1.48362,0,1.48362,1.48362,0,-1.48362,-1.48362,0,-1.48362,0,1.48362,-1.48362,0,-1.48362,0,-1.48362,0,0
1.48362,1.48362,1.48362,0,1.48362,1.48362,0,-1.48362,-1.48362,0,-1.48362,0,1.48362,-1.48362,0,-1.48362,0,-1.48362,0,0
1.48362,-1.48362,-1.48362,-1.48362,1.48362,1.48362,1.48362,1.48362,1.48362,2.66941,-1.48362,-1.48362,1.48362,-1.48362,-2.66941,1.48362,2.66941,1.48362,2.66941,-1.48362
1.48362,-1.48362,-1.48362,-1.48362,1.48362,1.48362,1.48362,1.48362,1.48362,2.66942,-1.48362,-1.48362,1.48362,-1.48362,-2.66941,1.48362,2.66942,1.48362,2.66942,-1.48362
1.39736,-1.48867,-1.48867,-1.53749,1.48867,1.48867,1.53749,1.39736,1.48867,2.66942,-1.48867,-1.53749,1.39736,-1.48867,-2.66941,1.48867,2.66942,1.39736,2.66942,-1.53749
1.19804,-1.50037,-1.50037,-1.65296,1.50037,1.50037,1.65296,1.19804,1.50037,2.66942,-1.50037,-1.65296,1.19804,-1.50037,-2.57672,1.50037,2.66942,1.19804,2.57672,-1.65296
0.998743,-1.5122,-1.5122,-1.76843,1.5122,1.5122,1.76843,0.998743,1.5122,2.57672,-1.5122,-1.76843,0.998743,-1.5122,-2.46125,1.5122,2.57672,0.998743,2.46125,-1.76843
0.799429,-1.5239,-1.5239,-1.8839,1.5239,1.5239,1.8839,0.799429,1.5239,2.46125,-1.5239,-1.8839,0.799429,-1.5239,-2.34578,1.5239,2.46125,0.799429,2.34578,-1.8839
0.599803,-1.53255,-1.53255,-1.99937,1.53255,1.53255,1.99937,0.599803,1.53255,2.34578,-1.53255,-1.99937,0.599803,-1.53255,-2.23031,1.53255,2.34578,0.599803,2.23031,-1.99937
0.399938,-1.53775,-1.53775,-2.11484,1.53775,1.53775,2.11484,0.399938,1.53775,2.23031,-1.53775,-2.11484,0.399938,-1.53775,-2.11484,1.53775,2.23031,0.399938,2.11484,-2.11484
0.2,-1.54126,-1.54126,-2.23031,1.54126,1.54126,2.23031,0.2,1.54126,2.11484,-1.54126,-2.23031,0.2,-1.54126,-1.99937,1.54126,2.11484,0.2,1.99937,-2.23031
6.05456e-16,-1.54126,-1.54126,-2.34578,1.54126,1.54126,2.34578,3.38143e-16,1.54126,1.99937,-1.54126,-2.34578,5.57998e-16,-1.54126,-1.8839,1.54126,1.99937,4.32487e-16,1.8839,-2.34578
-0.2,-1.54126,-1.54126,-2.46125,1.54126,1.54126,2.46125,-0.2,1.54126,1.8839,-1.54126,-2.46125,-0.2,-1.54126,-1.76843,1.54126,1.8839,-0.2,1.76843,-2.46125
-0.399938,-1.53775,-1.53775,-2.57672,1.53775,1.53775,2.57672,-0.399938,1.53775,1.76843,-1.53775,-2.57672,-0.399938,-1.53775,-1.65296,1.53775,1.76843,-0.399938,1.65296,-2.57672
-0.599803,-1.53255,-1.53255,-2.66941,1.53255,1.53255,2.66942,-0.599803,1.53255,1.65296,-1.53255,-2.66941,-0.599803,-1.53255,-1.53749,1.53255,1.65296,-0.599803,1.53749,-2.66941
-0.799429,-1.5239,-1.5239,-2.66941,1.5239,1.5239,2.66942,-0.799429,1.5239,1.53749,-1.5239,-2.66941,-0.799429,-1.5239,-1.48362,1.5239,1.53749,-0.799429,1.48362,-2.66941
-0.998743,-1.5122,-1.5122,-2.66941,1.5122,1.5122,2.66941,-0.998743,1.5122,1.48362,-1.5122,-2.66941,-0.998743,-1.5122,-1.48362,1.5122,1.48362,-0.998743,1.48362,-2.66941
-1.19804,-1.50037,-1.50037,-2.66941,1.50037,1.50037,0,-1.19804,1.50037,1.48362,-1.50037,0,-1.19804,-1.50037,0,1.50037,1.48362,-1.19804,0,0
-1.39736,-1.48867,-1.48867,0,1.48867,1.48867,0,-1.39736,1.48867,0,-1.48867,0,-1.39736,-1.48867,0,1.48867,0,-1.39736,0,0
-1.48362,-1.48362,-1.48362,0,1.48362,1.48362,0,-1.48362,1.48362,0,-1.48362,0,-1.48362,-1.48362,0,1.48362,0,-1.48362,0,0
-1.48362,-1.48362,-1.48362,0,1.48362,1.48362,0,-1.48362,1.48362,0,-1.48362,0,-1.48362,-1.48362,0,1.48362,0,-1.48362,0,0
0,0,0,0,0,0,0,0,0,0,0,0,0,0,0,0,0,0,0,0
126.144,126.144,126.144,126.144,126.144,126.144,126.144,126.144,126.144,0.508534,126.144,126.144,126.144,126.144,0.508534,126.144,0.508534,126.144,0.508534,126.144
44.9977,44.9977,44.9977,41.5473,44.9977,44.9977,41.5473,44.9977,44.9977,0.508534,44.9977,41.5473,44.9977,44.9977,0.508534,44.9977,0.508534,44.9977,0.508534,41.5473
4.60294,4.60294,4.60294,4.27965,4.60294,4.60294,4.27965,4.60294,4.60294,0.508533,4.60294,4.27965,4.60294,4.60294,0.407395,4.60294,0.508533,4.60294,0.407395,4.27965
0.730256,0.730256,0.730256,0.71155,0.730256,0.730256,0.71155,0.730256,0.730256,0.407395,0.730256,0.71155,0.730256,0.730256,0.332404,0.730256,0.407395,0.730256,0.332404,0.71155
0.346376,0.346376,0.346376,0.363392,0.346376,0.346376,0.363392,0.346376,0.346376,0.332404,0.346376,0.363392,0.346376,0.346376,0.294795,0.346376,0.332404,0.346376,0.294795,0.363392
0.288081,0.288081,0.288081,0.314796,0.288081,0.288081,0.314796,0.288081,0.288081,0.294795,0.288081,0.314796,0.288081,0.288081,0.283846,0.288081,0.294795,0.288081,0.283846,0.314796
0.256372,0.256372,0.256372,0.292638,0.256372,0.256372,0.292638,0.256372,0.256372,0.283846,0.256372,0.292638,0.256372,0.256372,0.292638,0.256372,0.283846,0.256372,0.292638,0.292638
0.234696,0.234696,0.234696,0.283846,0.234696,0.234696,0.283846,0.234696,0.234696,0.292638,0.234696,0.283846,0.234696,0.234696,0.314796,0.234696,0.292638,0.234696,0.314796,0.283846
0.226967,0.226967,0.226967,0.294795,0.226967,0.226967,0.294795,0.226967,0.226967,0.314796,0.226967,0.294795,0.226967,0.226967,0.363392,0.226967,0.314796,0.226967,0.363392,0.294795
0.234696,0.234696,0.234696,0.332404,0.234696,0.234696,0.332404,0.234696,0.234696,0.363392,0.234696,0.332404,0.234696,0.234696,0.71155,0.234696,0.363392,0.234696,0.71155,0.332404
0.256372,0.256372,0.256372,0.407395,0.256372,0.256372,0.407395,0.256372,0.256372,0.71155,0.256372,0.407395,0.256372,0.256372,4.27965,0.256372,0.71155,0.256372,4.27965,0.407395
0.288081,0.288081,0.288081,0.508533,0.288081,0.288081,0.508533,0.288081,0.288081,4.27965,0.288081,0.508534,0.288081,0.288081,41.5473,0.288081,4.27965,0.288081,41.5473,0.508535
0.346376,0.346376,0.346376,0.508534,0.346376,0.346376,0.508533,0.346376,0.346376,41.5473,0.346376,0.508534,0.346376,0.346376,126.144,0.346376,41.5473,0.346376,126.144,0.508536
0.730256,0.730256,0.730256,0.508534,0.730256,0.730256,0,0.730256,0.730256,126.144,0.730256,0,0.730256,0.730256,0,0.730256,126.144,0.730256,0,0
4.60294,4.60294,4.60294,0,4.60294,4.60294,0,4.60294,4.60294,0,4.60294,0,4.60294,4.60294,0,4.60294,0,4.60294,0,0
44.9977,44.9977,44.9977,0,44.9977,44.9977,0,44.9977,44.9977,0,44.9977,0,44.9977,44.9977,0,44.9977,0,44.9977,0,0
126.144,126.144,126.144,0,126.144,126.144,0,126.144,126.144,0,126.144,0,126.144,126.144,0,126.144,0,126.144,0,0
0,0,0,0,0,0,0,0,0,0,0,0,0,0,0,0,0,0,0,0
0,0,0,0,0,0,0,0,0,0,0,0,0,0,0,0,0,0,0,0
-1070.65,-1070.65,-125.424,-877.199,-1070.65,-125.424,-877.199,-1070.65,-125.424,-0.785993,-125.424,-877.199,1070.65,1070.65,-0.455121,1070.65,-0.486349,1070.65,-0.455121,-876.816
-30.9996,-30.9996,528.216,-282.16,-30.9996,528.216,-282.16,-30.9996,528.216,-0.785874,528.216,-282.16,30.9996,30.9996,-0.452979,30.9996,-0.486568,30.9996,-0.452979,282.16
-2.93619,-2.93619,49.7411,-26.5909,-2.93619,49.7411,-26.5909,-2.93619,49.7411,-0.803361,49.7411,-26.5909,2.93619,2.93619,-0.287028,2.93619,-0.45298,2.93619,-0.287028,26.5909
-0.287542,-0.287542,4.86539,-2.58059,-0.287542,4.86539,-2.58059,-0.287542,4.86539,0.287028,4.86539,-2.58059,0.287542,0.287542,-0.155651,0.287542,-0.287028,0.287542,-0.155651,2.58059
-0.0282433,-0.0282433,0.540694,-0.273964,-0.0282433,0.540694,-0.273964,-0.0282433,0.540694,0.155651,0.540694,-0.273964,0.0282433,0.0282433,-0.0663393,0.0282433,-0.155651,0.0282433,-0.0663393,0.273964
-0.00576189,-0.00576189,0.183231,-0.081142,-0.00576189,0.183231,-0.081142,-0.00576189,0.183231,0.0663393,0.183231,-0.081142,0.00576189,0.00576189,-1.84747e-09,0.00576189,-0.0663393,0.00576189,-1.84747e-09,0.081142
-0.00286209,-0.00286209,0.136641,-0.047417,-0.00286209,0.136641,-0.047417,-0.00286209,0.136641,1.84751e-09,0.136641,-0.047417,0.00286209,0.00286209,0.047417,0.00286209,-1.84747e-09,0.00286209,0.047417,0.047417
-0.00120879,-0.00120879,0.0760783,1.84747e-09,-0.00120879,0.0760783,1.84747e-09,-0.00120879,0.0760783,-0.047417,0.0760783,1.84751e-09,0.00120879,0.00120879,0.081142,0.00120879,0.047417,0.00120879,0.081142,-1.84777e-09
-2.10971e-11,-2.10971e-11,1.85861e-16,0.0663393,-2.10971e-11,1.40724e-16,0.0663393,-2.26216e-11,1.06767e-16,-0.081142,-2.86128e-18,0.0663393,2.10971e-11,2.10971e-11,0.273964,2.10972e-11,0.081142,2.10971e-11,0.273964,-0.0663393
-0.00120879,-0.00120879,-0.0760783,0.155651,-0.00120879,-0.0760783,0.155651,-0.00120879,-0.0760783,-0.273964,-0.0760783,0.155651,0.00120879,0.00120879,2.58059,0.00120879,0.273964,0.00120879,2.58059,-0.155651
-0.00286209,-0.00286209,-0.136641,0.287028,-0.00286209,-0.136641,0.287028,-0.00286209,-0.136641,-2.58059,-0.136641,0.287028,0.00286209,0.00286209,26.5909,0.00286209,2.58059,0.00286209,26.5909,-0.287028
-0.00576189,-0.00576189,-0.183231,-0.803361,-0.00576189,-0.183231,-0.803359,-0.00576189,-0.183231,-26.5909,-0.183231,-0.803362,0.00576189,0.00576189,282.16,0.00576189,26.5909,0.00576189,282.16,-0.452979
-0.0282433,-0.0282433,-0.540694,-0.785874,-0.0282433,-0.540694,-0.803359,-0.0282433,-0.540694,-282.16,-0.540694,-0.799057,0.0282433,0.0282433,-876.816,0.0282433,282.16,0.0282433,-876.816,-0.452981
-0.287542,-0.287542,-4.86539,-0.785993,-0.287542,-4.86539,0,-0.287542,-4.86539,-877.199,-4.86539,0,0.287542,0.287542,0,0.287542,-876.816,0.287542,0,0
-2.93619,-2.93619,-49.7411,0,-2.93619,-49.7411,0,-2.93619,-49.7411,0,-49.7411,0,2.93619,2.93619,0,2.93619,0,2.93619,0,0
-30.9996,-30.9996,-528.216,0,-30.9996,-528.216,0,-30.9996,-528.216,0,-528.216,0,30.9996,30.9996,0,30.9996,0,30.9996,0,0
-1070.65,-1070.65,125.424,0,-1070.65,125.424,0,-1070.65,125.424,0,125.424,0,1070.65,1070.65,0,1070.65,0,1070.65,0,0
0,0,0,0,0,0,0,0,0,0,0,0,0,0,0,0,0,0,0,0
0,0,0,0,0,0,0,0,0,0,0,0,0,0,0,0,0,0,0,0
-1070.65,125.424,-1070.65,-877.199,125.424,-1070.65,-877.199,1070.65,1070.65,-0.486349,1070.65,-876.816,-1070.65,-125.424,-0.799057,-125.424,-0.785993,1070.65,-0.455121,-876.816
-30.9996,-528.216,-30.9996,-282.16,-528.216,-30.9996,-282.16,30.9996,30.9996,-0.486568,30.9996,282.16,-30.9996,528.216,-0.803362,528.216,-0.785874,30.9996,-0.452979,282.16
-2.93619,-49.7411,-2.93619,-26.5909,-49.7411,-2.93619,-26.5909,2.93619,2.93619,-0.45298,2.93619,26.5909,-2.93619,49.7411,0.287028,49.7411,-0.803361,2.93619,-0.287028,26.5909
-0.287542,-4.86539,-0.287542,-2.58059,-4.86539,-0.287542,-2.58059,0.287542,0.287542,-0.287028,0.287542,2.58059,-0.287542,4.86539,0.155651,4.86539,0.287028,0.287542,-0.155651,2.58059
-0.0282433,-0.540694,-0.0282433,-0.273964,-0.540694,-0.0282433,-0.273964,0.0282433,0.0282433,-0.155651,0.0282433,0.273964,-0.0282433,0.540694,0.0663393,0.540694,0.155651,0.0282433,-0.0663393,0.273964
-0.00576189,-0.183231,-0.00576189,-0.081142,-0.183231,-0.00576189,-0.081142,0.00576189,0.00576189,-0.0663393,0.00576189,0.081142,-0.00576189,0.183231,1.84749e-09,0.183231,0.0663393,0.00576189,-1.84749e-09,0.081142
-0.00286209,-0.136641,-0.00286209,-0.047417,-0.136641,-0.00286209,-0.047417,0.00286209,0.00286209,-1.84751e-09,0.00286209,0.047417,-0.00286209,0.136641,-0.047417,0.136641,1.84749e-09,0.00286209,0.047417,0.047417
-0.00120879,-0.0760783,-0.00120879,1.84749e-09,-0.0760783,-0.00120879,1.84749e-09,0.00120879,0.00120879,0.047417,0.00120879,-1.84751e-09,-0.00120879,0.0760783,-0.081142,0.0760783,-0.047417,0.00120879,0.081142,-1.84779e-09
-2.27424e-11,7.78718e-18,-2.26215e-11,0.0663393,-1.72049e-17,-2.26215e-11,0.0663393,2.26216e-11,2.26215e-11,0.081142,2.26215e-11,-0.0663393,-2.27425e-11,-6.01478e-17,-0.273964,-1.15869e-16,-0.081142,2.27424e-11,0.273964,-0.0663393
-0.00120879,0.0760783,-0.00120879,0.155651,0.0760783,-0.00120879,0.155651,0.00120879,0.00120879,0.273964,0.00120879,-0.155651,-0.00120879,-0.0760783,-2.58059,-0.0760783,-0.273964,0.00120879,2.58059,-0.155651
-0.00286209,0.136641,-0.00286209,0.287028,0.136641,-0.00286209,0.287028,0.00286209,0.00286209,2.58059,0.00286209,-0.287028,-0.00286209,-0.136641,-26.5909,-0.136641,-2.58059,0.00286209,26.5909,-0.287028
-0.00576189,0.183231,-0.00576189,-0.803361,0.183231,-0.00576189,-0.803359,0.00576189,0.00576189,26.5909,0.00576189,-0.452979,-0.00576189,-0.183231,-282.16,-0.183231,-26.5909,0.00576189,282.16,-0.452979
-0.0282433,0.540694,-0.0282433,-0.785874,0.540694,-0.0282433,-0.803359,0.0282433,0.0282433,282.16,0.0282433,-0.455121,-0.0282433,-0.540694,-877.199,-0.540694,-282.16,0.0282433,-876.816,-0.452981
-0.287542,4.86539,-0.287542,-0.785993,4.86539,-0.287542,0,0.287542,0.287542,-876.816,0.287542,0,-0.287542,-4.86539,0,-4.86539,-877.199,0.287542,0,0
-2.93619,49.7411,-2.93619,0,49.7411,-2.93619,0,2.93619,2.93619,0,2.93619,0,-2.93619,-49.7411,0,-49.7411,0,2.93619,0,0
-30.9996,528.216,-30.9996,0,528.216,-30.9996,0,30.9996,30.9996,0,30.9996,0,-30.9996,-528.216,0,-528.216,0,30.9996,0,0
-1070.65,-125.424,-1070.65,0,-125.424,-1070.65,0,1070.65,1070.65,0,1070.65,0,-1070.65,125.424,0,125.424,0,1070.65,0,0
0,0,0,0,0,0,0,0,0,0,0,0,0,0,0,0,0,0,0,0
0,0,0,0,0,0,0,0,0,0,0,0,0,0,0,0,0,0,0,0
-125.424,1070.65,1070.65,-876.816,-1070.65,-1070.65,-877.199,-125.424,-1070.65,-0.785993,1070.65,-876.816,-125.424,1070.65,-0.455121,-1070.65,-0.785993,-125.424,-0.799057,-876.816
528.216,30.9996,30.9996,282.16,-30.9996,-30.9996,-282.16,528.216,-30.9996,-0.785874,30.9996,282.16,528.216,30.9996,-0.452979,-30.9996,-0.785874,528.216,-0.803362,282.16
49.7411,2.93619,2.93619,26.5909,-2.93619,-2.93619,-26.5909,49.7411,-2.93619,-0.803361,2.93619,26.5909,49.7411,2.93619,-0.287028,-2.93619,-0.803361,49.7411,0.287028,26.5909
4.86539,0.287542,0.287542,2.58059,-0.287542,-0.287542,-2.58059,4.86539,-0.287542,0.287028,0.287542,2.58059,4.86539,0.287542,-0.155651,-0.287542,0.287028,4.86539,0.155651,2.58059
0.540694,0.0282433,0.0282433,0.273964,-0.0282433,-0.0282433,-0.273964,0.540694,-0.0282433,0.155651,0.0282433,0.273964,0.540694,0.0282433,-0.0663393,-0.0282433,0.155651,0.540694,0.0663393,0.273964
0.183231,0.00576189,0.00576189,0.081142,-0.00576189,-0.00576189,-0.081142,0.183231,-0.00576189,0.0663393,0.00576189,0.081142,0.183231,0.00576189,-1.84749e-09,-0.00576189,0.0663393,0.183231,1.84749e-09,0.081142
0.136641,0.00286209,0.00286209,0.047417,-0.00286209,-0.00286209,-0.047417,0.136641,-0.00286209,1.84751e-09,0.00286209,0.047417,0.136641,0.00286209,0.047417,-0.00286209,1.84749e-09,0.136641,-0.047417,0.047417
0.0760783,0.00120879,0.00120879,-1.84749e-09,-0.00120879,-0.00120879,1.84749e-09,0.0760783,-0.00120879,-0.047417,0.00120879,-1.84751e-09,0.0760783,0.00120879,0.081142,-0.00120879,-0.047417,0.0760783,-0.081142,-1.84768e-09
9.45764e-17,2.27424e-11,2.26215e-11,-0.0663393,-2.27424e-11,-2.26215e-11,0.0663393,2.54589e-16,-2.26215e-11,-0.081142,2.26215e-11,-0.0663393,2.03831e-16,2.27424e-11,0.273964,-2.27424e-11,-0.081142,2.00157e-16,-0.273964,-0.0663393
-0.0760783,0.00120879,0.00120879,-0.155651,-0.00120879,-0.00120879,0.155651,-0.0760783,-0.00120879,-0.273964,0.00120879,-0.155651,-0.0760783,0.00120879,2.58059,-0.00120879,-0.273964,-0.0760783,-2.58059,-0.155651
-0.136641,0.00286209,0.00286209,-0.287028,-0.00286209,-0.00286209,0.287028,-0.136641,-0.00286209,-2.58059,0.00286209,-0.287028,-0.136641,0.00286209,26.5909,-0.00286209,-2.58059,-0.136641,-26.5909,-0.287028
-0.183231,0.00576189,0.00576189,-0.45298,-0.00576189,-0.00576189,-0.803359,-0.183231,-0.00576189,-26.5909,0.00576189,-0.452979,-0.183231,0.00576189,282.16,-0.00576189,-26.5909,-0.183231,-282.16,-0.452979
-0.540694,0.0282433,0.0282433,-0.486568,-0.0282433,-0.0282433,-0.803359,-0.540694,-0.0282433,-282.16,0.0282433,-0.455121,-0.540694,0.0282433,-876.816,-0.0282433,-282.16,-0.540694,-877.199,-0.452981
-4.86539,0.287542,0.287542,-0.486349,-0.287542,-0.287542,0,-4.86539,-0.287542,-877.199,0.287542,0,-4.86539,0.287542,0,-0.287542,-877.199,-4.86539,0,0
-49.7411,2.93619,2.93619,0,-2.93619,-2.93619,0,-49.7411,-2.93619,0,2.93619,0,-49.7411,2.93619,0,-2.93619,0,-49.7411,0,0
-528.216,30.9996,30.9996,0,-30.9996,-30.9996,0,-528.216,-30.9996,0,30.9996,0,-528.216,30.9996,0,-30.9996,0,-528.216,0,0
125.424,1070.65,1070.65,0,-1070.65,-1070.65,0,125.424,-1070.65,0,1070.65,0,125.424,1070.65,0,-1070.65,0,125.424,0,0
0,0,0,0,0,0,0,0,0,0,0,0,0,0,0,0,0,0,0,0
0,0,0,0,0,0,0,0,0,0,0,0,0,0,0,0,0,0,0,0
-2.4427e+08,-2.4427e+08,-4.81962e+08,-2.9233e+08,-2.4427e+08,-4.81962e+08,-2.9233e+08,-2.4427e+08,-4.81962e+08,-215100,-4.81962e+08,-2.9233e+08,-2.4427e+08,-2.4427e+08,-208670,-2.4427e+08,-197973,-2.4427e+08,-208670,-2.9233e+08
-6081.84,-6081.84,6294.25,-1533.08,-6081.84,6294.25,-1533.08,-6081.84,6294.25,-214820,6294.25,-1533.08,-6081.84,-6081.84,-209389,-6081.84,-197603,-6081.84,-209389,-1533.08
-172.129,-172.129,576.476,73.8518,-172.129,576.476,73.8518,-172.129,576.476,-209389,576.476,73.8518,-172.129,-172.129,-3.02382,-172.129,-209389,-172.129,-3.02382,73.8518
-10.3205,-10.3205,56.2146,10.8859,-10.3205,56.2146,10.8859,-10.3205,56.2146,-3.02382,56.2146,10.8859,-10.3205,-10.3205,-0.922093,-10.3205,-3.02382,-10.3205,-0.922093,10.8859
-1.22331,-1.22331,5.02461,0.658875,-1.22331,5.02461,0.658875,-1.22331,5.02461,-0.922093,5.02461,0.658875,-1.22331,-1.22331,-0.476707,-1.22331,-0.922093,-1.22331,-0.476707,0.658875
-0.606499,-0.606499,0.36783,-0.38106,-0.606499,0.36783,-0.38106,-0.606499,0.36783,-0.476707,0.36783,-0.38106,-0.606499,-0.606499,-0.356367,-0.606499,-0.476707,-0.606499,-0.356367,-0.38106
-0.5032,-0.5032,0.238093,-0.371434,-0.5032,0.238093,-0.371434,-0.5032,0.238093,-0.356367,0.238093,-0.371434,-0.5032,-0.5032,-0.371434,-0.5032,-0.356367,-0.5032,-0.371434,-0.371434
-0.444575,-0.444575,0.355559,-0.356367,-0.444575,0.355559,-0.356367,-0.444575,0.355559,-0.371434,0.355559,-0.356367,-0.444575,-0.444575,-0.38106,-0.444575,-0.371434,-0.444575,-0.38106,-0.356367
-0.423526,-0.423526,0.392353,-0.476707,-0.423526,0.392353,-0.476707,-0.423526,0.392353,-0.38106,0.392353,-0.476707,-0.423526,-0.423526,0.658875,-0.423526,-0.38106,-0.423526,0.658875,-0.476707
-0.444575,-0.444575,0.355559,-0.922093,-0.444575,0.355559,-0.922093,-0.444575,0.355559,0.658875,0.355559,-0.922093,-0.444575,-0.444575,10.8859,-0.444575,0.658875,-0.444575,10.8859,-0.922093
-0.5032,-0.5032,0.238093,-3.02382,-0.5032,0.238093,-3.02382,-0.5032,0.238093,10.8859,0.238093,-3.02382,-0.5032,-0.5032,73.8518,-0.5032,10.8859,-0.5032,73.8518,-3.02382
-0.606499,-0.606499,0.36783,-209389,-0.606499,0.36783,-209388,-0.606499,0.36783,73.8518,0.36783,-209389,-0.606499,-0.606499,-1533.08,-0.606499,73.8518,-0.606499,-1533.08,-209390
-1.22331,-1.22331,5.02461,-214820,-1.22331,5.02461,-209388,-1.22331,5.02461,-1533.08,5.02461,-210814,-1.22331,-1.22331,-2.9233e+08,-1.22331,-1533.08,-1.22331,-2.9233e+08,-478608
-10.3205,-10.3205,56.2146,-215100,-10.3205,56.2146,0,-10.3205,56.2146,-2.9233e+08,56.2146,0,-10.3205,-10.3205,0,-10.3205,-2.9233e+08,-10.3205,0,0
-172.129,-172.129,576.476,0,-172.129,576.476,0,-172.129,576.476,0,576.476,0,-172.129,-172.129,0,-172.129,0,-172.129,0,0
-6081.84,-6081.84,6294.25,0,-6081.84,6294.25,0,-6081.84,6294.25,0,6294.25,0,-6081.84,-6081.84,0,-6081.84,0,-6081.84,0,0
-2.4427e+08,-2.4427e+08,-4.81962e+08,0,-2.4427e+08,-4.81962e+08,0,-2.4427e+08,-4.81962e+08,0,-4.81962e+08,0,-2.4427e+08,-2.4427e+08,0,-2.4427e+08,0,-2.4427e+08,0,0
0,0,0,0,0,0,0,0,0,0,0,0,0,0,0,0,0,0,0,0
0,0,0,0,0,0,0,0,0,0,0,0,0,0,0,0,0,0,0,0
2.4099e+08,-2.81934e+07,2.81934e+07,1.46174e+08,-2.81934e+07,2.81934e+07,1.46174e+08,-2.4099e+08,-2.81934e+07,107210,-2.81934e+07,1.46174e+08,-2.4099e+08,-2.81934e+07,104330,-2.81934e+07,107210,2.4099e+08,105408,1.46174e+08
42.7631,727.368,-727.368,3704.29,727.368,-727.368,3704.29,-42.7631,727.368,107066,727.368,-3704.29,-42.7631,727.368,104696,727.368,107066,42.7631,104696,3704.29
2.65295,44.2172,-44.2172,231.676,44.2172,-44.2172,231.676,-2.65295,44.2172,104696,44.2172,-231.676,-2.65295,44.2172,-2.22407,44.2172,104696,2.65295,2.22407,231.676
0.25093,3.97798,-3.97798,20.6955,3.97798,-3.97798,20.6955,-0.25093,3.97798,-2.22407,3.97798,-20.6955,-0.25093,3.97798,-0.918015,3.97798,-2.22407,0.25093,0.918015,20.6955
0.0257586,0.375139,-0.375139,1.99667,0.375139,-0.375139,1.99667,-0.0257586,0.375139,-0.918015,0.375139,-1.99667,-0.0257586,0.375139,-0.567907,0.375139,-0.918015,0.0257586,0.567907,1.99667
0.00291398,0.0459012,-0.0459012,0.386997,0.0459012,-0.0459012,0.386997,-0.00291398,0.0459012,-0.567907,0.0459012,-0.386997,-0.00291398,0.0459012,-0.42563,0.0459012,-0.567907,0.00291398,0.42563,0.386997
0.00112564,0.0207929,-0.0207929,0.3469,0.0207929,-0.0207929,0.3469,-0.00112564,0.0207929,-0.42563,0.0207929,-0.3469,-0.00112564,0.0207929,-0.3469,0.0207929,-0.42563,0.00112564,0.3469,0.3469
0.00115078,0.0118961,-0.0118961,0.42563,0.0118961,-0.0118961,0.42563,-0.00115078,0.0118961,-0.3469,0.0118961,-0.42563,-0.00115078,0.0118961,-0.386997,0.0118961,-0.3469,0.00115078,0.386997,0.42563
0.00115034,2.27164e-18,-2.20454e-17,0.567907,5.29803e-18,-1.5304e-17,0.567907,-0.00115034,2.51595e-17,-0.386997,2.10098e-17,-0.567907,-0.00115034,-1.22193e-17,-1.99667,-7.31229e-18,-0.386997,0.00115034,1.99667,0.567907
0.00115078,-0.0118961,0.0118961,0.918015,-0.0118961,0.0118961,0.918015,-0.00115078,-0.0118961,-1.99667,-0.0118961,-0.918015,-0.00115078,-0.0118961,-20.6955,-0.0118961,-1.99667,0.00115078,20.6955,0.918015
0.00112564,-0.0207929,0.0207929,2.22407,-0.0207929,0.0207929,2.22407,-0.00112564,-0.0207929,-20.6955,-0.0207929,-2.22407,-0.00112564,-0.0207929,-231.676,-0.0207929,-20.6955,0.00112564,231.676,2.22407
0.00291398,-0.0459012,0.0459012,104696,-0.0459012,0.0459012,104696,-0.00291398,-0.0459012,-231.676,-0.0459012,104696,-0.00291398,-0.0459012,-3704.29,-0.0459012,-231.676,0.00291398,3704.29,104696
0.0257586,-0.375139,0.375139,98803.1,-0.375139,0.375139,104696,-0.0257586,-0.375139,-3704.29,-0.375139,104330,-0.0257586,-0.375139,1.46174e+08,-0.375139,-3704.29,0.0257586,1.46174e+08,239305
0.25093,-3.97798,3.97798,98988.1,-3.97798,3.97798,0,-0.25093,-3.97798,1.46174e+08,-3.97798,0,-0.25093,-3.97798,0,-3.97798,1.46174e+08,0.25093,0,0
2.65295,-44.2172,44.2172,0,-44.2172,44.2172,0,-2.65295,-44.2172,0,-44.2172,0,-2.65295,-44.2172,0,-44.2172,0,2.65295,0,0
42.7631,-727.368,727.368,0,-727.368,727.368,0,-42.7631,-727.368,0,-727.368,0,-42.7631,-727.368,0,-727.368,0,42.7631,0,0
2.4099e+08,2.81934e+07,-2.81934e+07,0,2.81934e+07,-2.81934e+07,0,-2.4099e+08,2.81934e+07,0,2.81934e+07,0,-2.4099e+08,2.81934e+07,0,2.81934e+07,0,2.4099e+08,0,0
0,0,0,0,0,0,0,0,0,0,0,0,0,0,0,0,0,0,0,0
0,0,0,0,0,0,0,0,0,0,0,0,0,0,0,0,0,0,0,0
2.81934e+07,-2.4099e+08,-2.81934e+07,1.46174e+08,2.4099e+08,2.81934e+07,1.46174e+08,2.81934e+07,2.81934e+07,98988.1,-2.81934e+07,1.46174e+08,-2.81934e+07,2.4099e+08,105408,-2.4099e+08,107210,-2.81934e+07,104330,1.46174e+08
-727.368,-42.7631,727.368,-3704.29,42.7631,-727.368,3704.29,-727.368,-727.368,98803.1,727.368,-3704.29,727.368,42.7631,104696,-42.7631,107066,727.368,104696,3704.29
-44.2172,-2.65295,44.2172,-231.676,2.65295,-44.2172,231.676,-44.2172,-44.2172,104696,44.2172,-231.676,44.2172,2.65295,2.22407,-2.65295,104696,44.2172,-2.22407,231.676
-3.97798,-0.25093,3.97798,-20.6955,0.25093,-3.97798,20.6955,-3.97798,-3.97798,2.22407,3.97798,-20.6955,3.97798,0.25093,0.918015,-0.25093,-2.22407,3.97798,-0.918015,20.6955
-0.375139,-0.0257586,0.375139,-1.99667,0.0257586,-0.375139,1.99667,-0.375139,-0.375139,0.918015,0.375139,-1.99667,0.375139,0.0257586,0.567907,-0.0257586,-0.918015,0.375139,-0.567907,1.99667
-0.0459012,-0.00291398,0.0459012,-0.386997,0.00291398,-0.0459012,0.386997,-0.0459012,-0.0459012,0.567907,0.0459012,-0.386997,0.0459012,0.00291398,0.42563,-0.00291398,-0.567907,0.0459012,-0.42563,0.386997
-0.0207929,-0.00112564,0.0207929,-0.3469,0.00112564,-0.0207929,0.3469,-0.0207929,-0.0207929,0.42563,0.0207929,-0.3469,0.0207929,0.00112564,0.3469,-0.00112564,-0.42563,0.0207929,-0.3469,0.3469
-0.0118961,-0.00115078,0.0118961,-0.42563,0.00115078,-0.0118961,0.42563,-0.0118961,-0.0118961,0.3469,0.0118961,-0.42563,0.0118961,0.00115078,0.386997,-0.00115078,-0.3469,0.0118961,-0.386997,0.42563
-1.39767e-17,-0.00115034,4.93044e-17,-0.567907,0.00115034,-2.60689e-17,0.567907,-3.45603e-17,-1.97544e-17,0.386997,2.36407e-17,-0.567907,3.27922e-17,0.00115034,1.99667,-0.00115034,-0.386997,2.20229e-17,-1.99667,0.567907
0.0118961,-0.00115078,-0.0118961,-0.918015,0.00115078,0.0118961,0.918015,0.0118961,0.0118961,1.99667,-0.0118961,-0.918015,-0.0118961,0.00115078,20.6955,-0.00115078,-1.99667,-0.0118961,-20.6955,0.918015
0.0207929,-0.00112564,-0.0207929,-2.22407,0.00112564,0.0207929,2.22407,0.0207929,0.0207929,20.6955,-0.0207929,-2.22407,-0.0207929,0.00112564,231.676,-0.00112564,-20.6955,-0.0207929,-231.676,2.22407
0.0459012,-0.00291398,-0.0459012,104696,0.00291398,0.0459012,104696,0.0459012,0.0459012,231.676,-0.0459012,104696,-0.0459012,0.00291398,3704.29,-0.00291398,-231.676,-0.0459012,-3704.29,104696
0.375139,-0.0257586,-0.375139,107066,0.0257586,0.375139,104696,0.375139,0.375139,3704.29,-0.375139,104330,-0.375139,0.0257586,1.46174e+08,-0.0257586,-3704.29,-0.375139,1.46174e+08,239305
3.97798,-0.25093,-3.97798,107210,0.25093,3.97798,0,3.97798,3.97798,1.46174e+08,-3.97798,0,-3.97798,0.25093,0,-0.25093,1.46174e+08,-3.97798,0,0
44.2172,-2.65295,-44.2172,0,2.65295,44.2172,0,44.2172,44.2172,0,-44.2172,0,-44.2172,2.65295,0,-2.65295,0,-44.2172,0,0
727.368,-42.7631,-727.368,0,42.7631,727.368,0,727.368,727.368,0,-727.368,0,-727.368,42.7631,0,-42.7631,0,-727.368,0,0
-2.81934e+07,-2.4099e+08,2.81934e+07,0,2.4099e+08,-2.81934e+07,0,-2.81934e+07,-2.81934e+07,0,2.81934e+07,0,2.81934e+07,2.4099e+08,0,-2.4099e+08,0,2.81934e+07,0,0
0,0,0,0,0,0,0,0,0,0,0,0,0,0,0,0,0,0,0,0
0,0,0,0,0,0,0,0,0,0,0,0,0,0,0,0,0,0,0,0
-2.4427e+08,-4.81962e+08,-2.4427e+08,-2.9233e+08,-4.81962e+08,-2.4427e+08,-2.9233e+08,-2.4427e+08,-2.4427e+08,-197973,-2.4427e+08,-2.9233e+08,-2.4427e+08,-4.81962e+08,-210814,-4.81962e+08,-215100,-2.4427e+08,-208670,-2.9233e+08
-6081.84,6294.25,-6081.84,-1533.08,6294.25,-6081.84,-1533.08,-6081.84,-6081.84,-197603,-6081.84,-1533.08,-6081.84,6294.25,-209389,6294.25,-214820,-6081.84,-209389,-1533.08
-172.129,576.476,-172.129,73.8518,576.476,-172.129,73.8518,-172.129,-172.129,-209389,-172.129,73.8518,-172.129,576.476,-3.02382,576.476,-209389,-172.129,-3.02382,73.8518
-10.3205,56.2146,-10.3205,10.8859,56.2146,-10.3205,10.8859,-10.3205,-10.3205,-3.02382,-10.3205,10.8859,-10.3205,56.2146,-0.922093,56.2146,-3.02382,-10.3205,-0.922093,10.8859
-1.22331,5.02461,-1.22331,0.658875,5.02461,-1.22331,0.658875,-1.22331,-1.22331,-0.922093,-1.22331,0.658875,-1.22331,5.02461,-0.476707,5.02461,-0.922093,-1.22331,-0.476707,0.658875
-0.606499,0.36783,-0.606499,-0.38106,0.36783,-0.606499,-0.38106,-0.606499,-0.606499,-0.476707,-0.606499,-0.38106,-0.606499,0.36783,-0.356367,0.36783,-0.476707,-0.606499,-0.356367,-0.38106
-0.5032,0.238093,-0.5032,-0.371434,0.238093,-0.5032,-0.371434,-0.5032,-0.5032,-0.356367,-0.5032,-0.371434,-0.5032,0.238093,-0.371434,0.238093,-0.356367,-0.5032,-0.371434,-0.371434
-0.444575,0.355559,-0.444575,-0.356367,0.355559,-0.444575,-0.356367,-0.444575,-0.444575,-0.371434,-0.444575,-0.356367,-0.444575,0.355559,-0.38106,0.355559,-0.371434,-0.444575,-0.38106,-0.356367
-0.423526,0.392353,-0.423526,-0.476707,0.392353,-0.423526,-0.476707,-0.423526,-0.423526,-0.38106,-0.423526,-0.476707,-0.423526,0.392353,0.658875,0.392353,-0.38106,-0.423526,0.658875,-0.476707
-0.444575,0.355559,-0.444575,-0.922093,0.355559,-0.444575,-0.922093,-0.444575,-0.444575,0.658875,-0.444575,-0.922093,-0.444575,0.355559,10.8859,0.355559,0.658875,-0.444575,10.8859,-0.922093
-0.5032,0.238093,-0.5032,-3.02382,0.238093,-0.5032,-3.02382,-0.5032,-0.5032,10.8859,-0.5032,-3.02382,-0.5032,0.238093,73.8518,0.238093,10.8859,-0.5032,73.8518,-3.02382
-0.606499,0.36783,-0.606499,-209389,0.36783,-0.606499,-209388,-0.606499,-0.606499,73.8518,-0.606499,-209389,-0.606499,0.36783,-1533.08,0.36783,73.8518,-0.606499,-1533.08,-209390
-1.22331,5.02461,-1.22331,-214820,5.02461,-1.22331,-209388,-1.22331,-1.22331,-1533.08,-1.22331,-208670,-1.22331,5.02461,-2.9233e+08,5.02461,-1533.08,-1.22331,-2.9233e+08,-478608
-10.3205,56.2146,-10.3205,-215100,56.2146,-10.3205,0,-10.3205,-10.3205,-2.9233e+08,-10.3205,0,-10.3205,56.2146,0,56.2146,-2.9233e+08,-10.3205,0,0
-172.129,576.476,-172.129,0,576.476,-172.129,0,-172.129,-172.129,0,-172.129,0,-172.129,576.476,0,576.476,0,-172.129,0,0
-6081.84,6294.25,-6081.84,0,6294.25,-6081.84,0,-6081.84,-6081.84,0,-6081.84,0,-6081.84,6294.25,0,6294.25,0,-6081.84,0,0
-2.4427e+08,-4.81962e+08,-2.4427e+08,0,-4.81962e+08,-2.4427e+08,0,-2.4427e+08,-2.4427e+08,0,-2.4427e+08,0,-2.4427e+08,-4.81962e+08,0,-4.81962e+08,0,-2.4427e+08,0,0
0,0,0,0,0,0,0,0,0,0,0,0,0,0,0,0,0,0,0,0
0,0,0,0,0,0,0,0,0,0,0,0,0,0,0,0,0,0,0,0
2.81934e+07,2.81934e+07,-2.4099e+08,1.46174e+08,-2.81934e+07,2.4099e+08,1.46174e+08,-2.81934e+07,-2.4099e+08,107210,2.4099e+08,1.46174e+08,2.81934e+07,-2.81934e+07,104330,2.81934e+07,98988.1,-2.81934e+07,104330,1.46174e+08
-727.368,-727.368,-42.7631,-3704.29,727.368,42.7631,3704.29,727.368,-42.7631,107066,42.7631,3704.29,-727.368,727.368,104696,-727.368,98803.1,727.368,104696,3704.29
-44.2172,-44.2172,-2.65295,-231.676,44.2172,2.65295,231.676,44.2172,-2.65295,104696,2.65295,231.676,-44.2172,44.2172,-2.22407,-44.2172,104696,44.2172,-2.22407,231.676
-3.97798,-3.97798,-0.25093,-20.6955,3.97798,0.25093,20.6955,3.97798,-0.25093,-2.22407,0.25093,20.6955,-3.97798,3.97798,-0.918015,-3.97798,2.22407,3.97798,-0.918015,20.6955
-0.375139,-0.375139,-0.0257586,-1.99667,0.375139,0.0257586,1.99667,0.375139,-0.0257586,-0.918015,0.0257586,1.99667,-0.375139,0.375139,-0.567907,-0.375139,0.918015,0.375139,-0.567907,1.99667
-0.0459012,-0.0459012,-0.00291398,-0.386997,0.0459012,0.00291398,0.386997,0.0459012,-0.00291398,-0.567907,0.00291398,0.386997,-0.0459012,0.0459012,-0.42563,-0.0459012,0.567907,0.0459012,-0.42563,0.386997
-0.0207929,-0.0207929,-0.00112564,-0.3469,0.0207929,0.00112564,0.3469,0.0207929,-0.00112564,-0.42563,0.00112564,0.3469,-0.0207929,0.0207929,-0.3469,-0.0207929,0.42563,0.0207929,-0.3469,0.3469
-0.0118961,-0.0118961,-0.00115078,-0.42563,0.0118961,0.00115078,0.42563,0.0118961,-0.00115078,-0.3469,0.00115078,0.42563,-0.0118961,0.0118961,-0.386997,-0.0118961,0.3469,0.0118961,-0.386997,0.42563
-6.68892e-17,-5.56906e-18,-0.00115034,-0.567907,2.06424e-17,0.00115034,0.567907,5.07338e-17,-0.00115034,-0.386997,0.00115034,0.567907,-5.69674e-17,-2.72728e-17,-1.99667,4.03033e-17,0.386997,2.96258e-17,-1.99667,0.567907
0.0118961,0.0118961,-0.00115078,-0.918015,-0.0118961,0.00115078,0.918015,-0.0118961,-0.00115078,-1.99667,0.00115078,0.918015,0.0118961,-0.0118961,-20.6955,0.0118961,1.99667,-0.0118961,-20.6955,0.918015
0.0207929,0.0207929,-0.00112564,-2.22407,-0.0207929,0.00112564,2.22407,-0.0207929,-0.00112564,-20.6955,0.00112564,2.22407,0.0207929,-0.0207929,-231.676,0.0207929,20.6955,-0.0207929,-231.676,2.22407
0.0459012,0.0459012,-0.00291398,104696,-0.0459012,0.00291398,104696,-0.0459012,-0.00291398,-231.676,0.00291398,104696,0.0459012,-0.0459012,-3704.29,0.0459012,231.676,-0.0459012,-3704.29,104696
0.375139,0.375139,-0.0257586,107066,-0.375139,0.0257586,104696,-0.375139,-0.0257586,-3704.29,0.0257586,105408,0.375139,-0.375139,1.46174e+08,0.375139,3704.29,-0.375139,1.46174e+08,239305
3.97798,3.97798,-0.25093,107210,-3.97798,0.25093,0,-3.97798,-0.25093,1.46174e+08,0.25093,0,3.97798,-3.97798,0,3.97798,1.46174e+08,-3.97798,0,0
44.2172,44.2172,-2.65295,0,-44.2172,2.65295,0,-44.2172,-2.65295,0,2.65295,0,44.2172,-44.2172,0,44.2172,0,-44.2172,0,0
727.368,727.368,-42.7631,0,-727.368,42.7631,0,-727.368,-42.7631,0,42.7631,0,727.368,-727.368,0,727.368,0,-727.368,0,0
-2.81934e+07,-2.81934e+07,-2.4099e+08,0,2.81934e+07,2.4099e+08,0,2.81934e+07,-2.4099e+08,0,2.4099e+08,0,-2.81934e+07,2.81934e+07,0,-2.81934e+07,0,2.81934e+07,0,0
0,0,0,0,0,0,0,0,0,0,0,0,0,0,0,0,0,0,0,0
0,0,0,0,0,0,0,0,0,0,0,0,0,0,0,0,0,0,0,0
-4.81962e+08,-2.4427e+08,-2.4427e+08,-2.9233e+08,-2.4427e+08,-2.4427e+08,-2.9233e+08,-4.81962e+08,-2.4427e+08,-215100,-2.4427e+08,-2.9233e+08,-4.81962e+08,-2.4427e+08,-208670,-2.4427e+08,-215100,-4.81962e+08,-210814,-2.9233e+08
6294.25,-6081.84,-6081.84,-1533.08,-6081.84,-6081.84,-1533.08,6294.25,-6081.84,-214820,-6081.84,-1533.08,6294.25,-6081.84,-209389,-6081.84,-214820,6294.25,-209389,-1533.08
576.476,-172.129,-172.129,73.8518,-172.129,-172.129,73.8518,576.476,-172.129,-209389,-172.129,73.8518,576.476,-172.129,-3.02382,-172.129,-209389,576.476,-3.02382,73.8518
56.2146,-10.3205,-10.3205,10.8859,-10.3205,-10.3205,10.8859,56.2146,-10.3205,-3.02382,-10.3205,10.8859,56.2146,-10.3205,-0.922093,-10.3205,-3.02382,56.2146,-0.922093,10.8859
5.02461,-1.22331,-1.22331,0.658875,-1.22331,-1.22331,0.658875,5.02461,-1.22331,-0.922093,-1.22331,0.658875,5.02461,-1.22331,-0.476707,-1.22331,-0.922093,5.02461,-0.476707,0.658875
0.36783,-0.606499,-0.606499,-0.38106,-0.606499,-0.606499,-0.38106,0.36783,-0.606499,-0.476707,-0.606499,-0.38106,0.36783,-0.606499,-0.356367,-0.606499,-0.476707,0.36783,-0.356367,-0.38106
0.238093,-0.5032,-0.5032,-0.371434,-0.5032,-0.5032,-0.371434,0.238093,-0.5032,-0.356367,-0.5032,-0.371434,0.238093,-0.5032,-0.371434,-0.5032,-0.356367,0.238093,-0.371434,-0.371434
0.355559,-0.444575,-0.444575,-0.356367,-0.444575,-0.444575,-0.356367,0.355559,-0.444575,-0.371434,-0.444575,-0.356367,0.355559,-0.444575,-0.38106,-0.444575,-0.371434,0.355559,-0.38106,-0.356367
0.392353,-0.423526,-0.423526,-0.476707,-0.423526,-0.423526,-0.476707,0.392353,-0.423526,-0.38106,-0.423526,-0.476707,0.392353,-0.423526,0.658875,-0.423526,-0.38106,0.392353,0.658875,-0.476707
0.355559,-0.444575,-0.444575,-0.922093,-0.444575,-0.444575,-0.922093,0.355559,-0.444575,0.658875,-0.444575,-0.922093,0.355559,-0.444575,10.8859,-0.444575,0.658875,0.355559,10.8859,-0.922093
0.238093,-0.5032,-0.5032,-3.02382,-0.5032,-0.5032,-3.02382,0.238093,-0.5032,10.8859,-0.5032,-3.02382,0.238093,-0.5032,73.8518,-0.5032,10.8859,0.238093,73.8518,-3.02382
0.36783,-0.606499,-0.606499,-209389,-0.606499,-0.606499,-209388,0.36783,-0.606499,73.8518,-0.606499,-209389,0.36783,-0.606499,-1533.08,-0.606499,73.8518,0.36783,-1533.08,-209390
5.02461,-1.22331,-1.22331,-197603,-1.22331,-1.22331,-209388,5.02461,-1.22331,-1533.08,-1.22331,-208670,5.02461,-1.22331,-2.9233e+08,-1.22331,-1533.08,5.02461,-2.9233e+08,-478608
56.2146,-10.3205,-10.3205,-197973,-10.3205,-10.3205,0,56.2146,-10.3205,-2.9233e+08,-10.3205,0,56.2146,-10.3205,0,-10.3205,-2.9233e+08,56.2146,0,0
576.476,-172.129,-172.129,0,-172.129,-172.129,0,576.476,-172.129,0,-172.129,0,576.476,-172.129,0,-172.129,0,576.476,0,0
6294.25,-6081.84,-6081.84,0,-6081.84,-6081.84,0,6294.25,-6081.84,0,-6081.84,0,6294.25,-6081.84,0,-6081.84,0,6294.25,0,0
-4.81962e+08,-2.4427e+08,-2.4427e+08,0,-2.4427e+08,-2.4427e+08,0,-4.81962e+08,-2.4427e+08,0,-2.4427e+08,0,-4.81962e+08,-2.4427e+08,0,-2.4427e+08,0,-4.81962e+08,0,0
0,0,0,0,0,0,0,0,0,0,0,0,0,0,0,0,0,0,0,0
